date_departure,date_arrive,travel_time,start_point_lat,start_point_lon,end_point_lat,end_point_lon
2021-07-28T09:08:20+10:00,2021-07-28T09:10:50+10:00,150,-33.91176,151.21283,-33.90408,151.21404
2021-07-28T09:08:20+10:00,2021-07-28T09:11:20+10:00,181,-33.90853,151.21319,-33.90156,151.21484
2021-07-28T09:08:20+10:00,2021-07-28T09:09:34+10:00,74,-33.90504,151.21387,-33.89764,151.21565
2021-07-28T09:08:21+10:00,2021-07-28T09:17:34+10:00,554,-33.9038,151.21416,-33.89557,151.21614
2021-07-28T09:08:21+10:00,2021-07-28T09:25:33+10:00,1033,-33.90064,151.21506,-33.89226,151.21667
2021-07-28T09:08:21+10:00,2021-07-28T09:09:27+10:00,67,-33.89638,151.21594,-33.88991,151.21733
2021-07-28T09:08:22+10:00,2021-07-28T09:09:34+10:00,72,-33.89386,151.21648,-33.88664,151.21796
2021-07-28T09:08:22+10:00,2021-07-28T09:18:37+10:00,615,-33.89189,151.21683,-33.8849,151.21763
2021-07-28T09:08:22+10:00,2021-07-28T09:16:53+10:00,512,-33.88805,151.21772,-33.88283,151.21731
2021-07-28T09:08:22+10:00,2021-07-28T09:09:43+10:00,82,-33.88569,151.218,-33.88144,151.21698
2021-07-28T09:08:23+10:00,2021-07-28T09:14:02+10:00,340,-33.88396,151.21743,-33.88005,151.21691
2021-07-28T09:08:23+10:00,2021-07-28T09:13:18+10:00,296,-33.88237,151.2172,-33.87764,151.2172
2021-07-28T09:08:23+10:00,2021-07-28T09:15:19+10:00,416,-33.88069,151.21693,-33.87457,151.21759
2021-07-28T09:08:24+10:00,2021-07-28T09:14:04+10:00,340,-33.87936,151.21707,-33.87411,151.21762
2021-07-28T09:08:24+10:00,2021-07-28T09:19:40+10:00,677,-33.87574,151.21744,-33.87237,151.21772
2021-07-28T09:08:24+10:00,2021-07-28T09:19:53+10:00,690,-33.87457,151.21756,-33.87096,151.21811
2021-07-28T09:08:25+10:00,2021-07-28T09:22:55+10:00,871,-33.87283,151.21763,-33.86918,151.21841
2021-07-28T09:08:25+10:00,2021-07-28T09:08:46+10:00,22,-33.87127,151.21795,-33.86809,151.2179
2021-07-28T09:08:25+10:00,2021-07-28T09:08:45+10:00,21,-33.8698,151.21844,-33.8672,151.21675
2021-07-28T09:08:26+10:00,2021-07-28T09:08:52+10:00,26,-33.86871,151.21825,-33.86643,151.2146
2021-07-28T09:08:26+10:00,2021-07-28T09:24:11+10:00,946,-33.86761,151.21746,-33.87065,151.19042
2021-07-28T09:08:26+10:00,2021-07-28T09:27:00+10:00,1115,-33.86693,151.2159,-33.87089,151.19157
2021-07-28T09:08:27+10:00,2021-07-28T09:27:02+10:00,1116,-33.86613,151.21405,-33.8716,151.19324
2021-07-28T09:08:27+10:00,2021-07-28T09:17:59+10:00,573,-33.87085,151.19104,-33.87245,151.19392
2021-07-28T09:08:27+10:00,2021-07-28T09:09:01+10:00,35,-33.87113,151.19246,-33.87452,151.19546
2021-07-28T09:08:28+10:00,2021-07-28T09:08:59+10:00,31,-33.87224,151.19377,-33.87491,151.19647
2021-07-28T09:08:28+10:00,2021-07-28T09:09:00+10:00,32,-33.87339,151.1946,-33.87456,151.1978
2021-07-28T09:08:28+10:00,2021-07-28T09:08:53+10:00,25,-33.87474,151.19578,-33.87422,151.19875
2021-07-28T09:08:29+10:00,2021-07-28T09:09:07+10:00,39,-33.87487,151.19688,-33.87346,151.20133
2021-07-28T09:08:29+10:00,2021-07-28T09:09:03+10:00,35,-33.87437,151.19827,-33.87298,151.20221
2021-07-28T09:08:29+10:00,2021-07-28T09:08:51+10:00,23,-33.87377,151.20037,-33.87238,151.20262
2021-07-28T09:08:30+10:00,2021-07-28T09:08:53+10:00,24,-33.87313,151.202,-33.87041,151.20311
2021-07-28T09:08:30+10:00,2021-07-28T09:09:01+10:00,31,-33.87292,151.20229,-33.86915,151.20298
2021-07-28T09:08:30+10:00,2021-07-28T09:09:10+10:00,41,-33.87201,151.20278,-33.86714,151.20279
2021-07-28T09:08:31+10:00,2021-07-28T09:23:11+10:00,880,-33.86996,151.20312,-33.86499,151.2037
2021-07-28T09:08:31+10:00,2021-07-28T09:19:39+10:00,668,-33.8682,151.20282,-33.86356,151.20439
2021-07-28T09:08:31+10:00,2021-07-28T09:09:08+10:00,37,-33.8659,151.20326,-33.8623,151.20497
2021-07-28T09:08:32+10:00,2021-07-28T09:09:31+10:00,60,-33.86429,151.20404,-33.86028,151.2057
2021-07-28T09:08:32+10:00,2021-07-28T09:09:07+10:00,35,-33.86323,151.20456,-33.85975,151.20597
2021-07-28T09:08:32+10:00,2021-07-28T09:18:22+10:00,590,-33.86085,151.2055,-33.85887,151.20652
2021-07-28T09:08:33+10:00,2021-07-28T09:15:13+10:00,400,-33.86006,151.20582,-33.86083,151.2059
2021-07-28T09:08:33+10:00,2021-07-28T09:18:00+10:00,567,-33.85944,151.20619,-33.86209,151.20546
2021-07-28T09:08:33+10:00,2021-07-28T09:08:51+10:00,19,-33.86038,151.20601,-33.86318,151.20487
2021-07-28T09:08:34+10:00,2021-07-28T09:08:54+10:00,20,-33.86109,151.20582,-33.86396,151.20436
2021-07-28T09:08:34+10:00,2021-07-28T09:08:57+10:00,23,-33.86279,151.20509,-33.86609,151.20329
2021-07-28T09:08:34+10:00,2021-07-28T09:09:03+10:00,30,-33.86356,151.20462,-33.86797,151.20292
2021-07-28T09:08:34+10:00,2021-07-28T09:18:22+10:00,589,-33.86504,151.20379,-33.86974,151.20321
2021-07-28T09:08:35+10:00,2021-07-28T09:08:56+10:00,21,-33.86716,151.2029,-33.87048,151.20329
2021-07-28T09:08:35+10:00,2021-07-28T09:08:50+10:00,16,-33.86895,151.20309,-33.87129,151.20329
2021-07-28T09:08:35+10:00,2021-07-28T09:16:00+10:00,446,-33.8704,151.20326,-33.87204,151.20369
2021-07-28T09:08:36+10:00,2021-07-28T09:16:53+10:00,497,-33.87108,151.20335,-33.8729,151.20348
2021-07-28T09:08:36+10:00,2021-07-28T09:08:50+10:00,14,-33.87145,151.20331,-33.87335,151.20299
2021-07-28T09:08:37+10:00,2021-07-28T09:11:23+10:00,166,-33.87204,151.20369,-33.87378,151.20267
2021-07-28T09:08:37+10:00,2021-07-28T09:08:49+10:00,12,-33.87305,151.20318,-33.8742,151.20173
2021-07-28T09:08:37+10:00,2021-07-28T09:08:51+10:00,15,-33.87352,151.20287,-33.8744,151.20065
2021-07-28T09:08:38+10:00,2021-07-28T09:12:56+10:00,258,-33.87397,151.2024,-33.87464,151.19859
2021-07-28T09:08:38+10:00,2021-07-28T09:08:56+10:00,18,-33.87435,151.20108,-33.8748,151.1979
2021-07-28T09:08:38+10:00,2021-07-28T09:08:55+10:00,17,-33.87453,151.19927,-33.87505,151.19639
2021-07-28T09:08:38+10:00,2021-07-28T09:08:58+10:00,20,-33.8747,151.19823,-33.87443,151.19512
2021-07-28T09:08:39+10:00,2021-07-28T09:09:03+10:00,24,-33.87504,151.19687,-33.873,151.19406
2021-07-28T09:08:39+10:00,2021-07-28T09:14:57+10:00,378,-33.87488,151.19575,-33.8719,151.19321
2021-07-28T09:08:39+10:00,2021-07-28T09:09:01+10:00,23,-33.87375,151.19459,-33.87126,151.1924
2021-07-28T09:08:40+10:00,2021-07-28T09:14:59+10:00,380,-33.87262,151.19376,-33.87095,151.191
2021-07-28T09:08:40+10:00,2021-07-28T09:26:45+10:00,1086,-33.87162,151.19295,-33.8615,151.21259
2021-07-28T09:08:41+10:00,2021-07-28T09:26:43+10:00,1083,-33.87108,151.19187,-33.86161,151.21329
2021-07-28T09:08:41+10:00,2021-07-28T09:26:40+10:00,1079,-33.87077,151.19038,-33.86197,151.2139
2021-07-28T09:08:41+10:00,2021-07-28T09:08:54+10:00,13,-33.86159,151.21311,-33.86274,151.21385
2021-07-28T09:08:42+10:00,2021-07-28T09:08:59+10:00,18,-33.86176,151.2137,-33.86327,151.21347
2021-07-28T09:08:42+10:00,2021-07-28T09:09:29+10:00,48,-33.86231,151.21397,-33.86298,151.21336
2021-07-28T09:08:42+10:00,2021-07-28T09:09:29+10:00,47,-33.86312,151.21366,-33.86206,151.21351
2021-07-28T09:08:43+10:00,2021-07-28T09:09:04+10:00,21,-33.8633,151.21326,-33.86172,151.21317
2021-07-28T09:08:43+10:00,2021-07-28T09:08:58+10:00,16,-33.86265,151.21349,-33.86155,151.21224
2021-07-28T09:08:43+10:00,2021-07-28T09:09:11+10:00,29,-33.86186,151.21337,-33.86127,151.20898
2021-07-28T09:08:44+10:00,2021-07-28T09:09:16+10:00,32,-33.86159,151.21256,-33.86108,151.20729
2021-07-28T09:08:44+10:00,2021-07-28T09:18:34+10:00,591,-33.8614,151.21053,-33.86103,151.20625
2021-07-28T09:08:44+10:00,2021-07-28T09:20:34+10:00,711,-33.86119,151.20833,-33.86071,151.20576
2021-07-28T09:08:45+10:00,2021-07-28T09:13:13+10:00,269,-33.86101,151.20625,-33.86044,151.20544
2021-07-28T09:08:45+10:00,2021-07-28T09:21:47+10:00,783,-33.8609,151.20588,-33.86019,151.20476
2021-07-28T09:08:45+10:00,2021-07-28T09:18:34+10:00,589,-33.86055,151.2056,-33.86024,151.20455
2021-07-28T09:08:46+10:00,2021-07-28T09:18:09+10:00,563,-33.86012,151.20517,-33.8605,151.20432
2021-07-28T09:08:46+10:00,2021-07-28T09:08:54+10:00,8,-33.86019,151.2047,-33.86085,151.20436
2021-07-28T09:08:46+10:00,2021-07-28T09:08:55+10:00,10,-33.86037,151.20439,-33.86112,151.20485
2021-07-28T09:08:46+10:00,2021-07-28T09:08:57+10:00,11,-33.86068,151.2043,-33.86085,151.20534
2021-07-28T09:08:47+10:00,2021-07-28T09:08:58+10:00,12,-33.86104,151.20454,-33.8604,151.20545
2021-07-28T09:08:47+10:00,2021-07-28T09:12:47+10:00,241,-33.86102,151.20515,-33.83943,151.21091
2021-07-28T09:08:47+10:00,2021-07-28T09:13:11+10:00,264,-33.86067,151.20541,-33.84246,151.21116
2021-07-28T09:08:48+10:00,2021-07-28T09:10:03+10:00,75,-33.83874,151.21102,-33.84531,151.2122
2021-07-28T09:08:48+10:00,2021-07-28T09:09:51+10:00,64,-33.84133,151.21089,-33.84674,151.21259
2021-07-28T09:08:48+10:00,2021-07-28T09:09:27+10:00,39,-33.84409,151.21175,-33.84813,151.21278
2021-07-28T09:08:49+10:00,2021-07-28T09:09:20+10:00,31,-33.84626,151.21247,-33.84995,151.2123
2021-07-28T09:08:49+10:00,2021-07-28T09:09:36+10:00,47,-33.8473,151.21269,-33.85279,151.21052
2021-07-28T09:08:49+10:00,2021-07-28T09:19:16+10:00,628,-33.84923,151.2126,-33.85423,151.20961
2021-07-28T09:08:50+10:00,2021-07-28T09:09:31+10:00,42,-33.85065,151.21185,-33.85581,151.20858
2021-07-28T09:08:50+10:00,2021-07-28T09:09:29+10:00,40,-33.85367,151.20997,-33.85897,151.20664
2021-07-28T09:08:50+10:00,2021-07-28T09:09:24+10:00,34,-33.85527,151.20892,-33.85992,151.20628
2021-07-28T09:08:51+10:00,2021-07-28T09:09:05+10:00,14,-33.85875,151.20675,-33.86059,151.20633
2021-07-28T09:08:51+10:00,2021-07-28T09:09:05+10:00,14,-33.85916,151.20655,-33.86088,151.20666
2021-07-28T09:08:51+10:00,2021-07-28T09:09:06+10:00,16,-33.86036,151.20622,-33.86112,151.20849
2021-07-28T09:08:51+10:00,2021-07-28T09:09:14+10:00,24,-33.86078,151.20649,-33.86135,151.21088
2021-07-28T09:08:52+10:00,2021-07-28T09:09:24+10:00,32,-33.86096,151.20697,-33.86159,151.21311
2021-07-28T09:08:52+10:00,2021-07-28T09:24:15+10:00,924,-33.86121,151.20931,-33.88449,151.19484
2021-07-28T09:08:52+10:00,2021-07-28T09:24:13+10:00,922,-33.8615,151.21259,-33.88538,151.19447
2021-07-28T09:08:53+10:00,2021-07-28T09:24:42+10:00,949,-33.86161,151.21329,-33.88743,151.19347
2021-07-28T09:08:53+10:00,2021-07-28T09:10:05+10:00,72,-33.88485,151.19471,-33.88826,151.19234
2021-07-28T09:08:53+10:00,2021-07-28T09:09:57+10:00,65,-33.88682,151.19385,-33.88924,151.19051
2021-07-28T09:08:54+10:00,2021-07-28T09:09:35+10:00,41,-33.88793,151.1929,-33.89023,151.18957
2021-07-28T09:08:54+10:00,2021-07-28T09:11:09+10:00,135,-33.88882,151.19128,-33.89009,151.18956
2021-07-28T09:08:54+10:00,2021-07-28T09:09:15+10:00,22,-33.88963,151.19013,-33.88873,151.19122
2021-07-28T09:08:55+10:00,2021-07-28T09:11:31+10:00,156,-33.89086,151.18895,-33.88774,151.19294
2021-07-28T09:08:55+10:00,2021-07-28T09:09:51+10:00,57,-33.88931,151.19027,-33.88665,151.19379
2021-07-28T09:08:55+10:00,2021-07-28T09:10:39+10:00,105,-33.88808,151.19248,-33.88464,151.19468
2021-07-28T09:08:56+10:00,2021-07-28T10:25:28+10:00,4593,-33.88721,151.19347,-33.48287,151.32433
2021-07-28T09:08:56+10:00,2021-07-28T10:23:26+10:00,4471,-33.88534,151.19436,-33.47834,151.32416
2021-07-28T09:08:57+10:00,2021-07-28T10:22:16+10:00,4400,-33.88439,151.19475,-33.47617,151.32398
2021-07-28T09:08:57+10:00,2021-07-28T09:09:45+10:00,48,-33.48122,151.32428,-33.47422,151.3239
2021-07-28T09:08:57+10:00,2021-07-28T09:09:24+10:00,28,-33.47685,151.32401,-33.47308,151.32282
2021-07-28T09:08:58+10:00,2021-07-28T09:09:24+10:00,27,-33.47483,151.32402,-33.47196,151.32107
2021-07-28T09:08:58+10:00,2021-07-28T09:09:24+10:00,27,-33.47333,151.3232,-33.47062,151.31983
2021-07-28T09:08:58+10:00,2021-07-28T09:09:41+10:00,43,-33.47264,151.32196,-33.46704,151.31894
2021-07-28T09:08:59+10:00,2021-07-28T09:09:41+10:00,43,-33.4714,151.32045,-33.46549,151.31844
2021-07-28T09:08:59+10:00,2021-07-28T09:09:37+10:00,39,-33.46932,151.31924,-33.46413,151.31736
2021-07-28T09:08:59+10:00,2021-07-28T09:09:33+10:00,35,-33.46614,151.31872,-33.46256,151.31459
2021-07-28T09:08:59+10:00,2021-07-28T09:09:29+10:00,30,-33.46467,151.31786,-33.46185,151.31363
2021-07-28T09:09:00+10:00,2021-07-28T09:09:30+10:00,30,-33.4635,151.31655,-33.46028,151.31309
2021-07-28T09:09:00+10:00,2021-07-28T09:09:24+10:00,25,-33.46216,151.31397,-33.45869,151.31377
2021-07-28T09:09:01+10:00,2021-07-28T09:10:05+10:00,64,-33.46118,151.31323,-33.45198,151.3178
2021-07-28T09:09:01+10:00,2021-07-28T09:10:03+10:00,62,-33.45959,151.31325,-33.45101,151.31891
2021-07-28T09:09:01+10:00,2021-07-28T09:09:23+10:00,23,-33.45232,151.31754,-33.45029,151.3209
2021-07-28T09:09:01+10:00,2021-07-28T09:09:27+10:00,26,-33.45144,151.3183,-33.45008,151.32285
2021-07-28T09:09:02+10:00,2021-07-28T09:09:31+10:00,29,-33.45048,151.32005,-33.44956,151.3253
2021-07-28T09:09:02+10:00,2021-07-28T09:09:28+10:00,27,-33.45014,151.32216,-33.44908,151.32649
2021-07-28T09:09:02+10:00,2021-07-28T09:09:19+10:00,17,-33.44976,151.32462,-33.44873,151.32672
2021-07-28T09:09:03+10:00,2021-07-28T09:09:16+10:00,13,-33.44925,151.32618,-33.44832,151.32667
2021-07-28T09:09:03+10:00,2021-07-28T09:09:13+10:00,10,-33.44892,151.32664,-33.44824,151.32663
2021-07-28T09:09:03+10:00,2021-07-28T09:09:07+10:00,5,-33.44844,151.3267,-33.44818,151.32667
2021-07-28T09:09:04+10:00,2021-07-28T09:09:10+10:00,7,-33.44828,151.32664,-33.44795,151.32695
2021-07-28T09:09:04+10:00,2021-07-28T09:09:44+10:00,41,-33.44821,151.32664,-33.44597,151.3281
2021-07-28T09:09:04+10:00,2021-07-28T09:10:07+10:00,64,-33.44817,151.32671,-33.44409,151.32872
2021-07-28T09:09:05+10:00,2021-07-28T09:10:17+10:00,72,-33.44716,151.3276,-33.44133,151.32948
2021-07-28T09:09:05+10:00,2021-07-28T09:09:52+10:00,47,-33.44506,151.3284,-33.4405,151.32952
2021-07-28T09:09:05+10:00,2021-07-28T09:09:37+10:00,32,-33.44259,151.32917,-33.43982,151.32871
2021-07-28T09:09:06+10:00,2021-07-28T09:09:31+10:00,25,-33.44077,151.32959,-33.439,151.32763
2021-07-28T09:09:06+10:00,2021-07-28T09:09:35+10:00,29,-33.44035,151.32942,-33.4385,151.32691
2021-07-28T09:09:06+10:00,2021-07-28T09:09:30+10:00,24,-33.43929,151.32799,-33.43844,151.32568
2021-07-28T09:09:07+10:00,2021-07-28T09:09:32+10:00,26,-33.4387,151.32726,-33.43821,151.32447
2021-07-28T09:09:07+10:00,2021-07-28T09:10:00+10:00,54,-33.43845,151.3267,-33.43668,151.32073
2021-07-28T09:09:07+10:00,2021-07-28T09:10:01+10:00,55,-33.4384,151.32503,-33.43582,151.31859
2021-07-28T09:09:08+10:00,2021-07-28T09:09:45+10:00,38,-33.43709,151.32171,-33.43484,151.31705
2021-07-28T09:09:08+10:00,2021-07-28T09:09:41+10:00,34,-33.43626,151.31967,-33.43362,151.31611
2021-07-28T09:09:08+10:00,2021-07-28T09:09:30+10:00,22,-33.43526,151.31744,-33.43287,151.31585
2021-07-28T09:09:09+10:00,2021-07-28T09:09:28+10:00,19,-33.43409,151.31648,-33.43183,151.31607
2021-07-28T09:09:09+10:00,2021-07-28T09:09:32+10:00,23,-33.43321,151.31591,-33.43045,151.31636
2021-07-28T09:09:09+10:00,2021-07-28T09:09:43+10:00,35,-33.43215,151.31599,-33.42932,151.31658
2021-07-28T09:09:10+10:00,2021-07-28T09:09:51+10:00,42,-33.4312,151.3162,-33.42807,151.31692
2021-07-28T09:09:10+10:00,2021-07-28T09:13:07+10:00,237,-33.43002,151.31642,-33.42752,151.31749
2021-07-28T09:09:10+10:00,2021-07-28T09:12:57+10:00,227,-33.42857,151.31674,-33.42872,151.31688
2021-07-28T09:09:11+10:00,2021-07-28T09:12:51+10:00,220,-33.42755,151.31725,-33.43045,151.31636
2021-07-28T09:09:11+10:00,2021-07-28T09:09:53+10:00,42,-33.4282,151.31704,-33.43183,151.31607
2021-07-28T09:09:11+10:00,2021-07-28T09:09:37+10:00,26,-33.43002,151.31656,-33.43288,151.31593
2021-07-28T09:09:12+10:00,2021-07-28T09:09:31+10:00,19,-33.4312,151.3162,-33.43376,151.31628
2021-07-28T09:09:12+10:00,2021-07-28T09:09:34+10:00,22,-33.43225,151.31604,-33.43507,151.31723
2021-07-28T09:09:12+10:00,2021-07-28T09:09:42+10:00,31,-33.4332,151.31599,-33.4361,151.31929
2021-07-28T09:09:13+10:00,2021-07-28T09:09:48+10:00,36,-33.43414,151.31652,-33.43678,151.32096
2021-07-28T09:09:13+10:00,2021-07-28T09:10:06+10:00,53,-33.4354,151.31764,-33.4383,151.32469
2021-07-28T09:09:13+10:00,2021-07-28T09:09:59+10:00,46,-33.43629,151.31974,-33.43843,151.32604
2021-07-28T09:09:13+10:00,2021-07-28T09:09:45+10:00,33,-33.43725,151.32211,-33.43854,151.327
2021-07-28T09:09:14+10:00,2021-07-28T09:09:30+10:00,16,-33.43844,151.32533,-33.43898,151.32767
2021-07-28T09:09:14+10:00,2021-07-28T09:09:30+10:00,16,-33.43847,151.3268,-33.43984,151.32879
2021-07-28T09:09:14+10:00,2021-07-28T09:09:32+10:00,18,-33.43889,151.32752,-33.44061,151.32957
2021-07-28T09:09:15+10:00,2021-07-28T09:09:37+10:00,22,-33.43932,151.32813,-33.44178,151.32935
2021-07-28T09:09:15+10:00,2021-07-28T09:09:44+10:00,30,-33.44038,151.32944,-33.44435,151.32864
2021-07-28T09:09:15+10:00,2021-07-28T09:10:09+10:00,55,-33.44093,151.32958,-33.44719,151.32767
2021-07-28T09:09:16+10:00,2021-07-28T09:10:09+10:00,54,-33.44267,151.32915,-33.44821,151.32683
2021-07-28T09:09:16+10:00,2021-07-28T09:09:49+10:00,34,-33.44538,151.32837,-33.44849,151.32682
2021-07-28T09:09:16+10:00,2021-07-28T09:09:33+10:00,18,-33.44747,151.3275,-33.44912,151.3266
2021-07-28T09:09:17+10:00,2021-07-28T09:09:31+10:00,15,-33.44831,151.32678,-33.44956,151.32557
2021-07-28T09:09:17+10:00,2021-07-28T09:09:42+10:00,26,-33.44879,151.32683,-33.45008,151.32285
2021-07-28T09:09:17+10:00,2021-07-28T09:09:50+10:00,34,-33.44929,151.32633,-33.45046,151.32054
2021-07-28T09:09:18+10:00,2021-07-28T09:09:56+10:00,39,-33.44976,151.32462,-33.45157,151.31824
2021-07-28T09:09:18+10:00,2021-07-28T09:09:52+10:00,35,-33.4502,151.32217,-33.45284,151.31721
2021-07-28T09:09:18+10:00,2021-07-28T09:10:27+10:00,69,-33.45082,151.31945,-33.45991,151.31315
2021-07-28T09:09:18+10:00,2021-07-28T09:10:24+10:00,67,-33.45207,151.31772,-33.46146,151.31336
2021-07-28T09:09:19+10:00,2021-07-28T09:09:41+10:00,23,-33.45922,151.31344,-33.46234,151.31422
2021-07-28T09:09:19+10:00,2021-07-28T09:09:49+10:00,30,-33.46058,151.31309,-33.46363,151.31673
2021-07-28T09:09:19+10:00,2021-07-28T09:09:51+10:00,32,-33.46196,151.31373,-33.46495,151.31809
2021-07-28T09:09:20+10:00,2021-07-28T09:09:50+10:00,30,-33.46305,151.31572,-33.46636,151.3188
2021-07-28T09:09:20+10:00,2021-07-28T09:09:58+10:00,39,-33.46437,151.31762,-33.46965,151.31934
2021-07-28T09:09:20+10:00,2021-07-28T09:10:03+10:00,44,-33.46578,151.31858,-33.47176,151.32083
2021-07-28T09:09:21+10:00,2021-07-28T09:09:56+10:00,36,-33.46889,151.31915,-33.47301,151.32277
2021-07-28T09:09:21+10:00,2021-07-28T09:09:51+10:00,30,-33.47091,151.32003,-33.47396,151.32377
2021-07-28T09:09:22+10:00,2021-07-28T09:09:49+10:00,28,-33.47238,151.32171,-33.47558,151.324
2021-07-28T09:09:22+10:00,2021-07-28T09:09:53+10:00,32,-33.47325,151.3231,-33.47757,151.32407
2021-07-28T09:09:22+10:00,2021-07-28T09:10:22+10:00,60,-33.47476,151.32402,-33.48283,151.32435
2021-07-28T09:09:22+10:00,2021-07-28T10:19:28+10:00,4207,-33.47657,151.32399,-33.84019,151.14599
2021-07-28T09:09:23+10:00,2021-07-28T10:19:56+10:00,4234,-33.47926,151.3242,-33.83858,151.14515
2021-07-28T09:09:23+10:00,2021-07-28T10:19:54+10:00,4231,-33.48327,151.32447,-33.83736,151.1451
2021-07-28T09:09:24+10:00,2021-07-28T09:09:49+10:00,25,-33.83948,151.14547,-33.83531,151.1453
2021-07-28T09:09:24+10:00,2021-07-28T09:10:01+10:00,38,-33.83789,151.1451,-33.83168,151.14599
2021-07-28T09:09:24+10:00,2021-07-28T09:10:03+10:00,40,-33.83632,151.14512,-33.82966,151.1461
2021-07-28T09:09:25+10:00,2021-07-28T09:09:59+10:00,34,-33.83395,151.14574,-33.82825,151.14628
2021-07-28T09:09:25+10:00,2021-07-28T09:09:49+10:00,25,-33.83077,151.14605,-33.82716,151.14725
2021-07-28T09:09:25+10:00,2021-07-28T09:09:56+10:00,31,-33.82896,151.14613,-33.82623,151.14937
2021-07-28T09:09:25+10:00,2021-07-28T09:09:57+10:00,32,-33.82771,151.1466,-33.82541,151.14995
2021-07-28T09:09:26+10:00,2021-07-28T09:09:49+10:00,24,-33.82647,151.14894,-33.82445,151.15011
2021-07-28T09:09:26+10:00,2021-07-28T09:09:58+10:00,33,-33.82569,151.14983,-33.82259,151.14966
2021-07-28T09:09:26+10:00,2021-07-28T09:10:12+10:00,46,-33.82487,151.1501,-33.82062,151.14999
2021-07-28T09:09:27+10:00,2021-07-28T09:10:15+10:00,48,-33.82374,151.14986,-33.82002,151.1506
2021-07-28T09:09:27+10:00,2021-07-28T09:10:06+10:00,39,-33.82143,151.14982,-33.81883,151.15112
2021-07-28T09:09:27+10:00,2021-07-28T09:10:26+10:00,59,-33.82035,151.15016,-33.81685,151.15159
2021-07-28T09:09:28+10:00,2021-07-28T09:10:27+10:00,59,-33.81973,151.15087,-33.81555,151.15184
2021-07-28T09:09:28+10:00,2021-07-28T09:10:17+10:00,50,-33.8185,151.15124,-33.81516,151.15232
2021-07-28T09:09:28+10:00,2021-07-28T09:09:50+10:00,22,-33.81592,151.15175,-33.81458,151.15394
2021-07-28T09:09:29+10:00,2021-07-28T09:10:03+10:00,35,-33.81533,151.15203,-33.81508,151.15584
2021-07-28T09:09:29+10:00,2021-07-28T09:10:02+10:00,34,-33.81457,151.15375,-33.81482,151.1574
2021-07-28T09:09:29+10:00,2021-07-28T09:10:13+10:00,44,-33.81473,151.15421,-33.81423,151.15887
2021-07-28T09:09:29+10:00,2021-07-28T09:10:11+10:00,42,-33.81513,151.15651,-33.81344,151.16096
2021-07-28T09:09:30+10:00,2021-07-28T09:10:01+10:00,32,-33.81449,151.15813,-33.81362,151.16181
2021-07-28T09:09:30+10:00,2021-07-28T09:10:10+10:00,41,-33.81375,151.1601,-33.8149,151.16482
2021-07-28T09:09:30+10:00,2021-07-28T09:10:22+10:00,53,-33.81344,151.1613,-33.81485,151.1663
2021-07-28T09:09:31+10:00,2021-07-28T09:10:10+10:00,39,-33.81435,151.16354,-33.81476,151.16642
2021-07-28T09:09:31+10:00,2021-07-28T09:10:15+10:00,45,-33.81498,151.16537,-33.81454,151.1676
2021-07-28T09:09:31+10:00,2021-07-28T09:10:25+10:00,54,-33.81476,151.16636,-33.81456,151.16866
2021-07-28T09:09:32+10:00,2021-07-28T09:12:11+10:00,159,-33.81458,151.16726,-33.81479,151.15348
2021-07-28T09:09:32+10:00,2021-07-28T09:12:58+10:00,206,-33.81461,151.16851,-33.81547,151.15203
2021-07-28T09:09:32+10:00,2021-07-28T09:10:20+10:00,48,-33.81476,151.15401,-33.81594,151.15183
2021-07-28T09:09:33+10:00,2021-07-28T09:10:49+10:00,76,-33.81523,151.15238,-33.8185,151.15124
2021-07-28T09:09:33+10:00,2021-07-28T09:10:48+10:00,76,-33.81564,151.15194,-33.81961,151.15103
2021-07-28T09:09:33+10:00,2021-07-28T09:10:13+10:00,41,-33.81685,151.15159,-33.82032,151.15033
2021-07-28T09:09:34+10:00,2021-07-28T09:10:10+10:00,36,-33.81884,151.15119,-33.82204,151.14978
2021-07-28T09:09:34+10:00,2021-07-28T09:10:06+10:00,33,-33.82001,151.15073,-33.82354,151.14988
2021-07-28T09:09:34+10:00,2021-07-28T09:10:06+10:00,32,-33.8206,151.15011,-33.82455,151.15024
2021-07-28T09:09:35+10:00,2021-07-28T09:09:59+10:00,25,-33.82278,151.14977,-33.82573,151.14998
2021-07-28T09:09:35+10:00,2021-07-28T09:09:56+10:00,21,-33.8243,151.15018,-33.82653,151.14901
2021-07-28T09:09:35+10:00,2021-07-28T09:10:01+10:00,27,-33.82509,151.15019,-33.82752,151.14692
2021-07-28T09:09:36+10:00,2021-07-28T09:10:02+10:00,26,-33.82606,151.14974,-33.82854,151.14629
2021-07-28T09:09:36+10:00,2021-07-28T09:09:54+10:00,19,-33.82709,151.14756,-33.82969,151.14619
2021-07-28T09:09:36+10:00,2021-07-28T09:10:06+10:00,30,-33.82804,151.14649,-33.833,151.14607
2021-07-28T09:09:36+10:00,2021-07-28T09:10:16+10:00,40,-33.82897,151.14623,-33.83563,151.14537
2021-07-28T09:09:37+10:00,2021-07-28T09:10:16+10:00,39,-33.83078,151.14614,-33.83738,151.14524
2021-07-28T09:09:37+10:00,2021-07-28T09:10:20+10:00,43,-33.83421,151.14584,-33.83867,151.1453
2021-07-28T09:09:37+10:00,2021-07-28T09:10:00+10:00,24,-33.83634,151.14525,-33.84014,151.14607
2021-07-28T09:09:38+10:00,2021-07-28T10:15:15+10:00,3938,-33.83789,151.14523,-34.05414,150.70731
2021-07-28T09:09:38+10:00,2021-07-28T10:14:47+10:00,3909,-33.83926,151.14549,-34.05248,150.7094
2021-07-28T09:09:39+10:00,2021-07-28T09:10:09+10:00,30,-34.05432,150.70696,-34.05174,150.71071
2021-07-28T09:09:39+10:00,2021-07-28T09:10:13+10:00,35,-34.05336,150.70826,-34.05025,150.71346
2021-07-28T09:09:39+10:00,2021-07-28T09:10:09+10:00,31,-34.05205,150.71013,-34.04923,150.71479
2021-07-28T09:09:39+10:00,2021-07-28T09:10:15+10:00,37,-34.05103,150.71205,-34.04739,150.71745
2021-07-28T09:09:40+10:00,2021-07-28T09:10:23+10:00,44,-34.04975,150.71409,-34.04536,150.72043
2021-07-28T09:09:40+10:00,2021-07-28T09:10:34+10:00,55,-34.04908,150.71504,-34.0444,150.7234
2021-07-28T09:09:40+10:00,2021-07-28T09:10:34+10:00,55,-34.0466,150.71856,-34.04321,150.72652
2021-07-28T09:09:41+10:00,2021-07-28T09:10:14+10:00,34,-34.04473,150.72234,-34.043,150.7267
2021-07-28T09:09:41+10:00,2021-07-28T09:09:56+10:00,16,-34.04366,150.72561,-34.04307,150.72697
2021-07-28T09:09:41+10:00,2021-07-28T09:09:56+10:00,15,-34.04308,150.72659,-34.04283,150.7284
2021-07-28T09:09:42+10:00,2021-07-28T09:10:19+10:00,37,-34.04298,150.72681,-34.042,150.73097
2021-07-28T09:09:42+10:00,2021-07-28T09:11:00+10:00,78,-34.04311,150.72726,-34.0414,150.73263
2021-07-28T09:09:42+10:00,2021-07-28T09:10:50+10:00,68,-34.04227,150.73017,-34.04098,150.73391
2021-07-28T09:09:43+10:00,2021-07-28T09:10:56+10:00,74,-34.04173,150.73167,-34.04034,150.73602
2021-07-28T09:09:43+10:00,2021-07-28T09:10:46+10:00,63,-34.04112,150.73349,-34.03962,150.73841
2021-07-28T09:09:43+10:00,2021-07-28T09:11:17+10:00,95,-34.04065,150.73501,-34.03929,150.73971
2021-07-28T09:09:44+10:00,2021-07-28T09:11:07+10:00,84,-34.04004,150.73701,-34.03965,150.74139
2021-07-28T09:09:44+10:00,2021-07-28T09:10:55+10:00,71,-34.03947,150.73896,-34.04037,150.74456
2021-07-28T09:09:44+10:00,2021-07-28T09:10:33+10:00,49,-34.03936,150.73997,-34.0412,150.74755
2021-07-28T09:09:45+10:00,2021-07-28T09:10:44+10:00,60,-34.03992,150.74275,-34.04201,150.75065
2021-07-28T09:09:45+10:00,2021-07-28T09:10:42+10:00,57,-34.04074,150.74589,-34.04294,150.75404
2021-07-28T09:09:45+10:00,2021-07-28T09:10:24+10:00,39,-34.04158,150.74902,-34.04373,150.75592
2021-07-28T09:09:46+10:00,2021-07-28T09:10:32+10:00,46,-34.04257,150.75275,-34.04572,150.75881
2021-07-28T09:09:46+10:00,2021-07-28T09:10:52+10:00,67,-34.04313,150.75462,-34.04703,150.76054
2021-07-28T09:09:46+10:00,2021-07-28T09:11:23+10:00,97,-34.04456,150.75719,-34.04808,150.76201
2021-07-28T09:09:47+10:00,2021-07-28T09:11:19+10:00,92,-34.04656,150.75991,-34.05108,150.76601
2021-07-28T09:09:47+10:00,2021-07-28T09:10:59+10:00,72,-34.04755,150.76127,-34.05278,150.76964
2021-07-28T09:09:47+10:00,2021-07-28T09:10:50+10:00,64,-34.04965,150.7642,-34.05351,150.7727
2021-07-28T09:09:47+10:00,2021-07-28T09:10:43+10:00,56,-34.05216,150.76798,-34.05449,150.77529
2021-07-28T09:09:48+10:00,2021-07-28T09:10:39+10:00,51,-34.05322,150.77146,-34.05597,150.77737
2021-07-28T09:09:48+10:00,2021-07-28T09:10:28+10:00,40,-34.05371,150.77342,-34.05741,150.77881
2021-07-28T09:09:48+10:00,2021-07-28T09:10:22+10:00,34,-34.05517,150.77637,-34.05958,150.78113
2021-07-28T09:09:49+10:00,2021-07-28T09:10:28+10:00,39,-34.05698,150.77837,-34.06126,150.78449
2021-07-28T09:09:49+10:00,2021-07-28T09:10:29+10:00,40,-34.0581,150.77952,-34.06077,150.78624
2021-07-28T09:09:49+10:00,2021-07-28T09:10:31+10:00,43,-34.06036,150.78234,-34.05866,150.79059
2021-07-28T09:09:50+10:00,2021-07-28T09:10:29+10:00,40,-34.06129,150.7849,-34.05755,150.79371
2021-07-28T09:09:50+10:00,2021-07-28T09:10:30+10:00,40,-34.05973,150.78823,-34.05577,150.79943
2021-07-28T09:09:50+10:00,2021-07-28T09:10:37+10:00,48,-34.05802,150.79228,-34.0535,150.80671
2021-07-28T09:09:51+10:00,2021-07-28T09:10:36+10:00,46,-34.05679,150.79613,-34.05227,150.80992
2021-07-28T09:09:51+10:00,2021-07-28T09:10:29+10:00,39,-34.05443,150.80373,-34.04941,150.81482
2021-07-28T09:09:51+10:00,2021-07-28T09:19:14+10:00,563,-34.05311,150.80786,-34.04565,150.81887
2021-07-28T09:09:52+10:00,2021-07-28T09:10:36+10:00,45,-34.05094,150.81253,-34.04145,150.82166
2021-07-28T09:09:52+10:00,2021-07-28T09:10:36+10:00,44,-34.04724,150.81738,-34.03649,150.82336
2021-07-28T09:09:52+10:00,2021-07-28T09:10:32+10:00,40,-34.04375,150.82031,-34.03337,150.82372
2021-07-28T09:09:53+10:00,2021-07-28T09:10:53+10:00,60,-34.03904,150.82269,-34.02357,150.82399
2021-07-28T09:09:53+10:00,2021-07-28T09:11:00+10:00,68,-34.03514,150.8236,-34.01802,150.82484
2021-07-28T09:09:53+10:00,2021-07-28T09:11:17+10:00,85,-34.02967,150.82383,-34.01388,150.82653
2021-07-28T09:09:53+10:00,2021-07-28T09:10:38+10:00,46,-34.02082,150.82423,-34.00983,150.82926
2021-07-28T09:09:54+10:00,2021-07-28T09:10:36+10:00,42,-34.01581,150.82562,-34.00645,150.83263
2021-07-28T09:09:54+10:00,2021-07-28T09:10:50+10:00,57,-34.01212,150.82756,-34.00167,150.83986
2021-07-28T09:09:54+10:00,2021-07-28T09:10:52+10:00,59,-34.00868,150.83026,-33.99897,150.84405
2021-07-28T09:09:55+10:00,2021-07-28T09:10:55+10:00,61,-34.00503,150.83444,-33.9951,150.84836
2021-07-28T09:09:55+10:00,2021-07-28T09:10:48+10:00,53,-34.00017,150.84229,-33.99057,150.85192
2021-07-28T09:09:55+10:00,2021-07-28T09:10:48+10:00,53,-33.99698,150.84647,-33.98735,150.8547
2021-07-28T09:09:56+10:00,2021-07-28T09:10:42+10:00,47,-33.99324,150.84991,-33.98558,150.85688
2021-07-28T09:09:56+10:00,2021-07-28T09:10:45+10:00,50,-33.98874,150.85339,-33.98227,150.86273
2021-07-28T09:09:56+10:00,2021-07-28T09:10:50+10:00,55,-33.98649,150.85568,-33.98,150.86658
2021-07-28T09:09:57+10:00,2021-07-28T09:11:00+10:00,63,-33.98453,150.85844,-33.97649,150.87038
2021-07-28T09:09:57+10:00,2021-07-28T09:10:50+10:00,53,-33.98106,150.86496,-33.97253,150.87292
2021-07-28T09:09:57+10:00,2021-07-28T09:10:43+10:00,46,-33.97803,150.86892,-33.96972,150.87398
2021-07-28T09:09:58+10:00,2021-07-28T09:10:39+10:00,42,-33.97425,150.872,-33.9662,150.8747
2021-07-28T09:09:58+10:00,2021-07-28T09:10:56+10:00,58,-33.97172,150.87329,-33.96044,150.87565
2021-07-28T09:09:58+10:00,2021-07-28T09:10:44+10:00,47,-33.96718,150.87451,-33.95844,150.87543
2021-07-28T09:09:59+10:00,2021-07-28T09:11:13+10:00,75,-33.96165,150.87551,-33.95678,150.87574
2021-07-28T09:09:59+10:00,2021-07-28T09:19:30+10:00,571,-33.95922,150.87553,-33.95681,150.87679
2021-07-28T09:09:59+10:00,2021-07-28T09:11:33+10:00,95,-33.95767,150.87545,-33.95713,150.88021
2021-07-28T09:10:00+10:00,2021-07-28T09:11:03+10:00,64,-33.95676,150.87649,-33.95732,150.88236
2021-07-28T09:10:00+10:00,2021-07-28T09:11:09+10:00,70,-33.95694,150.87767,-33.95765,150.88496
2021-07-28T09:10:00+10:00,2021-07-28T09:10:57+10:00,58,-33.95719,150.88097,-33.95768,150.88693
2021-07-28T09:10:00+10:00,2021-07-28T09:13:25+10:00,206,-33.95743,150.88323,-33.95787,150.88603
2021-07-28T09:10:01+10:00,2021-07-28T09:12:01+10:00,120,-33.95772,150.88599,-33.95771,150.88435
2021-07-28T09:10:01+10:00,2021-07-28T09:11:19+10:00,79,-33.95787,150.88646,-33.95824,150.88227
2021-07-28T09:10:01+10:00,2021-07-28T09:11:23+10:00,82,-33.9578,150.88514,-33.9592,150.88168
2021-07-28T09:10:02+10:00,2021-07-28T09:10:57+10:00,55,-33.95754,150.88291,-33.95938,150.88165
2021-07-28T09:10:02+10:00,2021-07-28T09:10:15+10:00,13,-33.95878,150.88201,-33.95952,150.88118
2021-07-28T09:10:02+10:00,2021-07-28T09:10:23+10:00,21,-33.95928,150.88169,-33.96064,150.87983
2021-07-28T09:10:03+10:00,2021-07-28T09:10:41+10:00,39,-33.95945,150.88151,-33.96251,150.87805
2021-07-28T09:10:03+10:00,2021-07-28T09:11:10+10:00,67,-33.96018,150.88028,-33.96367,150.8791
2021-07-28T09:13:47+10:00,2021-07-28T11:37:12+10:00,8605,-33.91176,151.21283,-32.81621,150.86915
2021-07-28T09:13:48+10:00,2021-07-28T09:28:45+10:00,897,-33.90853,151.21319,-33.88454,151.19472
2021-07-28T09:13:48+10:00,2021-07-28T10:20:53+10:00,4025,-33.90504,151.21387,-34.2142,150.7999
2021-07-28T09:13:48+10:00,2021-07-28T11:24:14+10:00,7827,-33.9038,151.21416,-32.92635,150.70229
2021-07-28T09:13:49+10:00,2021-07-28T09:44:10+10:00,1822,-33.90064,151.21506,-33.77973,151.05217
2021-07-28T09:13:49+10:00,2021-07-28T09:55:57+10:00,2529,-33.89638,151.21594,-33.91819,150.91446
2021-07-28T09:13:50+10:00,2021-07-28T09:59:53+10:00,2764,-33.89386,151.21648,-34.0569,150.77804
2021-07-28T09:13:50+10:00,2021-07-28T10:16:54+10:00,3784,-33.89189,151.21683,-34.20219,150.78695
2021-07-28T09:13:51+10:00,2021-07-28T10:48:08+10:00,5657,-33.88805,151.21772,-33.26456,150.66805
2021-07-28T09:13:51+10:00,2021-07-28T09:57:54+10:00,2644,-33.88569,151.218,-33.87604,150.84238
2021-07-28T09:13:52+10:00,2021-07-28T10:01:52+10:00,2880,-33.88396,151.21743,-34.03414,150.82369
2021-07-28T09:13:52+10:00,2021-07-28T10:06:50+10:00,3178,-33.88237,151.2172,-33.87349,150.75037
2021-07-28T09:13:53+10:00,2021-07-28T11:45:12+10:00,9080,-33.88069,151.21693,-32.78469,150.89884
2021-07-28T09:13:53+10:00,2021-07-28T10:35:26+10:00,4894,-33.87936,151.21707,-33.40149,150.77718
2021-07-28T09:13:54+10:00,2021-07-28T10:40:47+10:00,5214,-33.87574,151.21744,-33.36745,150.717
2021-07-28T09:13:54+10:00,2021-07-28T10:19:14+10:00,3920,-33.87457,151.21756,-33.49945,150.80982
2021-07-28T09:13:55+10:00,2021-07-28T10:20:09+10:00,3975,-33.87283,151.21763,-34.23888,150.83351
2021-07-28T09:13:55+10:00,2021-07-28T09:31:51+10:00,1076,-33.87127,151.21795,-33.9193,151.19268
2021-07-28T09:13:56+10:00,2021-07-28T11:34:17+10:00,8422,-33.8698,151.21844,-32.7044,150.9539
2021-07-28T09:13:56+10:00,2021-07-28T11:21:54+10:00,7678,-33.86871,151.21825,-32.8897,150.76906
2021-07-28T09:13:57+10:00,2021-07-28T10:11:33+10:00,3457,-33.86761,151.21746,-34.14332,150.79052
2021-07-28T09:13:57+10:00,2021-07-28T10:11:58+10:00,3481,-33.86693,151.2159,-33.42793,151.31718
2021-07-28T09:13:58+10:00,2021-07-28T11:04:55+10:00,6657,-33.86613,151.21405,-33.04138,150.68085
2021-07-28T09:13:58+10:00,2021-07-28T09:46:53+10:00,1975,-33.87085,151.19104,-33.72845,151.08407
2021-07-28T09:13:59+10:00,2021-07-28T10:24:07+10:00,4209,-33.87113,151.19246,-33.44925,151.32618
2021-07-28T09:13:59+10:00,2021-07-28T10:03:34+10:00,2976,-33.87224,151.19377,-34.04373,150.75592
2021-07-28T09:14:00+10:00,2021-07-28T11:22:44+10:00,7725,-33.87339,151.1946,-32.62358,151.13817
2021-07-28T09:14:00+10:00,2021-07-28T11:37:20+10:00,8601,-33.87474,151.19578,-32.80189,150.90015
2021-07-28T09:14:01+10:00,2021-07-28T11:15:44+10:00,7304,-33.87487,151.19688,-32.94509,150.7004
2021-07-28T09:14:01+10:00,2021-07-28T10:19:05+10:00,3905,-33.87437,151.19827,-34.19175,150.7903
2021-07-28T09:14:02+10:00,2021-07-28T11:06:28+10:00,6747,-33.87377,151.20037,-33.04406,150.68197
2021-07-28T09:14:03+10:00,2021-07-28T11:41:26+10:00,8844,-33.87313,151.202,-32.77695,150.91782
2021-07-28T09:14:03+10:00,2021-07-28T11:00:20+10:00,6377,-33.87292,151.20229,-33.11441,150.69795
2021-07-28T09:14:04+10:00,2021-07-28T10:01:57+10:00,2873,-33.87201,151.20278,-33.88077,150.80058
2021-07-28T09:14:04+10:00,2021-07-28T11:37:59+10:00,8635,-33.86996,151.20312,-32.73154,150.94095
2021-07-28T09:14:05+10:00,2021-07-28T10:00:11+10:00,2766,-33.8682,151.20282,-33.88445,150.86752
2021-07-28T09:14:05+10:00,2021-07-28T09:34:00+10:00,1195,-33.8659,151.20326,-33.75291,151.04784
2021-07-28T09:14:06+10:00,2021-07-28T09:59:23+10:00,2718,-33.86429,151.20404,-33.91244,150.90493
2021-07-28T09:14:06+10:00,2021-07-28T10:02:20+10:00,2894,-33.86323,151.20456,-33.91066,150.90077
2021-07-28T09:14:07+10:00,2021-07-28T09:42:43+10:00,1717,-33.86085,151.2055,-33.72451,151.09789
2021-07-28T09:14:07+10:00,2021-07-28T11:41:50+10:00,8864,-33.86006,151.20582,-32.76185,150.92436
2021-07-28T09:14:08+10:00,2021-07-28T09:53:23+10:00,2355,-33.85944,151.20619,-33.96036,150.88007
2021-07-28T09:14:08+10:00,2021-07-28T11:19:00+10:00,7492,-33.86038,151.20601,-32.93299,150.69853
2021-07-28T09:14:09+10:00,2021-07-28T10:55:38+10:00,6090,-33.86109,151.20582,-33.20736,150.68131
2021-07-28T09:14:09+10:00,2021-07-28T10:27:06+10:00,4377,-33.86279,151.20509,-33.43433,150.82538
2021-07-28T09:14:10+10:00,2021-07-28T11:37:21+10:00,8592,-33.86356,151.20462,-32.80836,150.89848
2021-07-28T09:14:11+10:00,2021-07-28T11:43:09+10:00,8938,-33.86504,151.20379,-32.76847,150.92329
2021-07-28T09:14:11+10:00,2021-07-28T09:57:03+10:00,2572,-33.86716,151.2029,-33.96718,150.87451
2021-07-28T09:14:12+10:00,2021-07-28T09:41:08+10:00,1616,-33.86895,151.20309,-33.78229,151.04993
2021-07-28T09:14:12+10:00,2021-07-28T10:15:58+10:00,3706,-33.8704,151.20326,-34.18396,150.79074
2021-07-28T09:14:12+10:00,2021-07-28T10:20:47+10:00,3995,-33.87108,151.20335,-34.21547,150.80182
2021-07-28T09:14:13+10:00,2021-07-28T10:48:43+10:00,5671,-33.87145,151.20331,-33.29477,150.69252
2021-07-28T09:14:13+10:00,2021-07-28T09:54:06+10:00,2394,-33.87204,151.20369,-33.88108,150.84928
2021-07-28T09:14:14+10:00,2021-07-28T11:02:46+10:00,6513,-33.87305,151.20318,-33.13933,150.68783
2021-07-28T09:14:15+10:00,2021-07-28T11:13:44+10:00,7170,-33.87352,151.20287,-33.01012,150.67644
2021-07-28T09:14:15+10:00,2021-07-28T09:59:05+10:00,2690,-33.87397,151.2024,-33.87761,150.84388
2021-07-28T09:14:16+10:00,2021-07-28T10:39:26+10:00,5110,-33.87435,151.20108,-33.37414,150.74684
2021-07-28T09:14:16+10:00,2021-07-28T11:28:51+10:00,8075,-33.87453,151.19927,-32.59034,151.14925
2021-07-28T09:14:17+10:00,2021-07-28T11:16:03+10:00,7306,-33.8747,151.19823,-32.98088,150.68619
2021-07-28T09:14:18+10:00,2021-07-28T11:44:08+10:00,8990,-33.87504,151.19687,-32.74114,150.93321
2021-07-28T09:14:18+10:00,2021-07-28T09:58:49+10:00,2672,-33.87488,151.19575,-33.88051,150.80801
2021-07-28T09:14:19+10:00,2021-07-28T10:30:29+10:00,4571,-33.87375,151.19459,-33.44507,150.8243
2021-07-28T09:14:19+10:00,2021-07-28T09:27:24+10:00,785,-33.87262,151.19376,-33.87576,151.21756
2021-07-28T09:14:20+10:00,2021-07-28T10:31:51+10:00,4651,-33.87162,151.19295,-33.43394,150.82819
2021-07-28T09:14:20+10:00,2021-07-28T10:33:05+10:00,4725,-33.87108,151.19187,-33.42237,150.82327
2021-07-28T09:14:21+10:00,2021-07-28T11:44:10+10:00,8989,-33.87077,151.19038,-32.70828,150.95002
2021-07-28T09:14:21+10:00,2021-07-28T11:02:07+10:00,6467,-33.86159,151.21311,-33.10268,150.69438
2021-07-28T09:14:22+10:00,2021-07-28T10:59:23+10:00,6302,-33.86176,151.2137,-33.13557,150.69196
2021-07-28T09:14:22+10:00,2021-07-28T11:38:28+10:00,8646,-33.86231,151.21397,-32.79607,150.90095
2021-07-28T09:14:23+10:00,2021-07-28T10:55:32+10:00,6069,-33.86312,151.21366,-33.18078,150.69397
2021-07-28T09:14:24+10:00,2021-07-28T11:32:01+10:00,8258,-33.8633,151.21326,-32.82525,150.86253
2021-07-28T09:14:24+10:00,2021-07-28T11:30:52+10:00,8189,-33.86265,151.21349,-32.83336,150.85335
2021-07-28T09:14:25+10:00,2021-07-28T11:33:48+10:00,8364,-33.86186,151.21337,-32.81276,150.88623
2021-07-28T09:14:26+10:00,2021-07-28T10:25:09+10:00,4243,-33.86159,151.21256,-33.43182,150.8284
2021-07-28T09:14:26+10:00,2021-07-28T10:24:43+10:00,4217,-33.8614,151.21053,-34.20989,150.79681
2021-07-28T09:14:27+10:00,2021-07-28T10:25:46+10:00,4280,-33.86119,151.20833,-33.45704,150.81298
2021-07-28T09:14:27+10:00,2021-07-28T09:58:27+10:00,2640,-33.86101,151.20625,-34.04292,150.82164
2021-07-28T09:14:28+10:00,2021-07-28T10:00:09+10:00,2741,-33.8609,151.20588,-33.87746,150.78073
2021-07-28T09:14:28+10:00,2021-07-28T11:34:48+10:00,8420,-33.86055,151.2056,-32.8033,150.89936
2021-07-28T09:14:29+10:00,2021-07-28T09:38:04+10:00,1416,-33.86012,151.20517,-33.74644,151.05154
2021-07-28T09:14:29+10:00,2021-07-28T11:23:22+10:00,7734,-33.86019,151.2047,-32.58941,151.15024
2021-07-28T09:14:29+10:00,2021-07-28T09:46:17+10:00,1908,-33.86037,151.20439,-33.89186,151.084
2021-07-28T09:14:30+10:00,2021-07-28T10:32:53+10:00,4704,-33.86068,151.2043,-33.38188,150.75204
2021-07-28T09:14:30+10:00,2021-07-28T09:35:20+10:00,1250,-33.86104,151.20454,-33.92948,151.18684
2021-07-28T09:14:31+10:00,2021-07-28T11:37:32+10:00,8581,-33.86102,151.20515,-32.78639,150.89862
2021-07-28T09:14:31+10:00,2021-07-28T09:26:36+10:00,725,-33.86067,151.20541,-33.81514,151.15628
2021-07-28T09:14:32+10:00,2021-07-28T10:53:18+10:00,5927,-33.83874,151.21102,-33.25654,150.65304
2021-07-28T09:14:32+10:00,2021-07-28T10:17:07+10:00,3755,-33.84133,151.21089,-34.19589,150.78924
2021-07-28T09:14:33+10:00,2021-07-28T10:45:11+10:00,5438,-33.84409,151.21175,-33.326,150.70327
2021-07-28T09:14:33+10:00,2021-07-28T11:11:06+10:00,6994,-33.84626,151.21247,-33.03103,150.67228
2021-07-28T09:14:34+10:00,2021-07-28T11:44:22+10:00,8988,-33.8473,151.21269,-32.77772,150.91358
2021-07-28T09:14:35+10:00,2021-07-28T09:51:00+10:00,2185,-33.84923,151.2126,-33.98964,150.85306
2021-07-28T09:14:35+10:00,2021-07-28T10:42:51+10:00,5296,-33.85065,151.21185,-33.34384,150.70479
2021-07-28T09:14:36+10:00,2021-07-28T09:59:49+10:00,2714,-33.85367,151.20997,-34.05357,150.77233
2021-07-28T09:14:36+10:00,2021-07-28T10:19:40+10:00,3905,-33.85527,151.20892,-33.44825,151.3268
2021-07-28T09:14:36+10:00,2021-07-28T11:42:20+10:00,8864,-33.85875,151.20675,-32.74431,150.93119
2021-07-28T09:14:37+10:00,2021-07-28T10:24:45+10:00,4209,-33.85916,151.20655,-33.44903,151.32655
2021-07-28T09:14:38+10:00,2021-07-28T11:16:46+10:00,7329,-33.86036,151.20622,-32.94613,150.69926
2021-07-28T09:14:38+10:00,2021-07-28T09:50:26+10:00,2149,-33.86078,151.20649,-33.75653,150.91455
2021-07-28T09:14:39+10:00,2021-07-28T10:15:01+10:00,3623,-33.86096,151.20697,-34.20023,150.78776
2021-07-28T09:14:39+10:00,2021-07-28T09:46:35+10:00,1917,-33.86121,151.20931,-33.89111,151.08081
2021-07-28T09:14:40+10:00,2021-07-28T09:52:57+10:00,2298,-33.8615,151.21259,-33.91708,150.91201
2021-07-28T09:14:40+10:00,2021-07-28T11:39:13+10:00,8674,-33.86161,151.21329,-32.79348,150.9003
2021-07-28T09:14:40+10:00,2021-07-28T09:27:05+10:00,745,-33.88485,151.19471,-33.87387,151.20002
2021-07-28T09:14:41+10:00,2021-07-28T10:24:49+10:00,4208,-33.88682,151.19385,-33.42871,151.3167
2021-07-28T09:14:41+10:00,2021-07-28T11:11:05+10:00,6985,-33.88793,151.1929,-33.1183,150.69679
2021-07-28T09:14:42+10:00,2021-07-28T10:05:11+10:00,3030,-33.88882,151.19128,-34.08161,150.80792
2021-07-28T09:14:42+10:00,2021-07-28T10:33:07+10:00,4706,-33.88963,151.19013,-33.43456,150.82516
2021-07-28T09:14:43+10:00,2021-07-28T10:28:24+10:00,4421,-33.89086,151.18895,-33.49789,150.81307
2021-07-28T09:14:43+10:00,2021-07-28T09:49:57+10:00,2115,-33.88931,151.19027,-33.72857,151.08391
2021-07-28T09:14:44+10:00,2021-07-28T09:50:57+10:00,2173,-33.88808,151.19248,-33.73554,151.07617
2021-07-28T09:14:44+10:00,2021-07-28T11:41:15+10:00,8791,-33.88721,151.19347,-32.67684,151.02207
2021-07-28T09:14:45+10:00,2021-07-28T10:22:06+10:00,4042,-33.88534,151.19436,-33.52695,150.82852
2021-07-28T09:14:45+10:00,2021-07-28T10:27:51+10:00,4386,-33.88439,151.19475,-33.46306,150.8113
2021-07-28T09:14:46+10:00,2021-07-28T11:39:44+10:00,8699,-33.48122,151.32428,-32.98661,150.6867
2021-07-28T09:14:47+10:00,2021-07-28T10:44:03+10:00,5357,-33.47685,151.32401,-34.05443,150.80373
2021-07-28T09:14:47+10:00,2021-07-28T10:10:56+10:00,3370,-33.47483,151.32402,-33.78697,151.03026
2021-07-28T09:14:47+10:00,2021-07-28T10:35:21+10:00,4834,-33.47333,151.3232,-33.86446,150.70604
2021-07-28T09:14:48+10:00,2021-07-28T11:37:54+10:00,8586,-33.47264,151.32196,-32.9298,150.69668
2021-07-28T09:14:48+10:00,2021-07-28T11:12:55+10:00,7087,-33.4714,151.32045,-32.77675,150.91543
2021-07-28T09:14:49+10:00,2021-07-28T10:26:33+10:00,4304,-33.46932,151.31924,-32.75011,151.58457
2021-07-28T09:14:49+10:00,2021-07-28T11:16:53+10:00,7325,-33.46614,151.31872,-32.80232,150.90132
2021-07-28T09:14:50+10:00,2021-07-28T11:08:24+10:00,6814,-33.46467,151.31786,-32.75323,150.92372
2021-07-28T09:14:50+10:00,2021-07-28T11:29:43+10:00,8093,-33.4635,151.31655,-32.88176,150.77661
2021-07-28T09:14:51+10:00,2021-07-28T11:01:31+10:00,6401,-33.46216,151.31397,-33.37315,150.74096
2021-07-28T09:14:51+10:00,2021-07-28T10:26:26+10:00,4295,-33.46118,151.31323,-33.87945,150.82303
2021-07-28T09:14:52+10:00,2021-07-28T11:02:51+10:00,6479,-33.45959,151.31325,-32.723,150.9449
2021-07-28T09:14:52+10:00,2021-07-28T11:03:04+10:00,6492,-33.45232,151.31754,-32.73172,150.94091
2021-07-28T09:14:53+10:00,2021-07-28T10:27:58+10:00,4385,-33.45144,151.3183,-33.88874,150.88215
2021-07-28T09:14:53+10:00,2021-07-28T11:04:47+10:00,6594,-33.45048,151.32005,-32.74413,150.93034
2021-07-28T09:14:54+10:00,2021-07-28T10:38:42+10:00,5029,-33.45014,151.32216,-34.0631,150.78658
2021-07-28T09:14:54+10:00,2021-07-28T11:18:38+10:00,7424,-33.44976,151.32462,-32.8164,150.86873
2021-07-28T09:14:55+10:00,2021-07-28T11:37:16+10:00,8541,-33.44925,151.32618,-32.96884,150.68899
2021-07-28T09:14:55+10:00,2021-07-28T11:09:05+10:00,6851,-33.44892,151.32664,-33.28471,150.68961
2021-07-28T09:14:56+10:00,2021-07-28T10:23:19+10:00,4103,-33.44844,151.3267,-33.88361,150.85694
2021-07-28T09:14:56+10:00,2021-07-28T11:20:09+10:00,7514,-33.44828,151.32664,-33.16436,150.6922
2021-07-28T09:14:57+10:00,2021-07-28T11:02:22+10:00,6445,-33.44821,151.32664,-32.73419,150.93946
2021-07-28T09:14:57+10:00,2021-07-28T10:56:22+10:00,6086,-33.44817,151.32671,-33.40023,150.76263
2021-07-28T09:14:58+10:00,2021-07-28T11:05:33+10:00,6636,-33.44716,151.3276,-34.26931,150.89512
2021-07-28T09:14:58+10:00,2021-07-28T11:15:21+10:00,7223,-33.44506,151.3284,-33.21818,150.67305
2021-07-28T09:14:59+10:00,2021-07-28T10:15:13+10:00,3614,-33.44259,151.32917,-33.82723,151.14732
2021-07-28T09:14:59+10:00,2021-07-28T11:01:04+10:00,6366,-33.44077,151.32959,-33.3613,150.70751
2021-07-28T09:15:00+10:00,2021-07-28T11:34:45+10:00,8386,-33.44035,151.32942,-32.9761,150.68543
2021-07-28T09:15:01+10:00,2021-07-28T11:10:22+10:00,6922,-33.43929,151.32799,-33.26107,150.65727
2021-07-28T09:15:01+10:00,2021-07-28T10:17:34+10:00,3753,-33.4387,151.32726,-33.81983,151.1508
2021-07-28T09:15:01+10:00,2021-07-28T11:06:29+10:00,6688,-33.43845,151.3267,-33.28928,150.69316
2021-07-28T09:15:02+10:00,2021-07-28T11:01:53+10:00,6412,-33.4384,151.32503,-32.74438,150.9293
2021-07-28T09:15:02+10:00,2021-07-28T10:28:16+10:00,4394,-33.43709,151.32171,-33.99496,150.84901
2021-07-28T09:15:03+10:00,2021-07-28T11:03:26+10:00,6503,-33.43626,151.31967,-33.31282,150.70028
2021-07-28T09:15:03+10:00,2021-07-28T10:07:33+10:00,3151,-33.43526,151.31744,-33.75376,150.91507
2021-07-28T09:15:04+10:00,2021-07-28T09:15:16+10:00,12,-33.43409,151.31648,-33.43265,151.31588
2021-07-28T09:15:04+10:00,2021-07-28T10:29:38+10:00,4474,-33.43321,151.31591,-33.9161,150.91083
2021-07-28T09:15:04+10:00,2021-07-28T10:16:04+10:00,3661,-33.43215,151.31599,-33.86006,151.20582
2021-07-28T09:15:05+10:00,2021-07-28T11:01:42+10:00,6397,-33.4312,151.3162,-33.32428,150.70279
2021-07-28T09:15:05+10:00,2021-07-28T10:39:38+10:00,5074,-33.43002,151.31642,-32.62342,151.09659
2021-07-28T09:15:06+10:00,2021-07-28T11:07:14+10:00,6728,-33.42857,151.31674,-33.26298,150.66624
2021-07-28T09:15:06+10:00,2021-07-28T10:23:20+10:00,4095,-33.42755,151.31725,-33.88807,151.09107
2021-07-28T09:15:07+10:00,2021-07-28T09:21:14+10:00,367,-33.4282,151.31704,-33.46216,151.31397
2021-07-28T09:15:07+10:00,2021-07-28T10:27:45+10:00,4358,-33.43002,151.31656,-33.87385,150.75439
2021-07-28T09:15:07+10:00,2021-07-28T11:20:42+10:00,7535,-33.4312,151.3162,-32.87553,150.81568
2021-07-28T09:15:08+10:00,2021-07-28T10:32:26+10:00,4639,-33.43225,151.31604,-33.95767,150.87545
2021-07-28T09:15:08+10:00,2021-07-28T10:54:27+10:00,5959,-33.4332,151.31599,-33.4037,150.77793
2021-07-28T09:15:09+10:00,2021-07-28T10:01:59+10:00,2810,-33.43414,151.31652,-33.78378,151.04446
2021-07-28T09:15:09+10:00,2021-07-28T11:12:27+10:00,7038,-33.4354,151.31764,-32.80672,150.89806
2021-07-28T09:15:10+10:00,2021-07-28T10:16:01+10:00,3652,-33.43629,151.31974,-33.87253,151.2177
2021-07-28T09:15:10+10:00,2021-07-28T11:18:09+10:00,7380,-33.43725,151.32211,-33.15716,150.69509
2021-07-28T09:15:11+10:00,2021-07-28T10:45:50+10:00,5440,-33.43844,151.32533,-33.44257,150.8259
2021-07-28T09:15:11+10:00,2021-07-28T10:58:23+10:00,6192,-33.43847,151.3268,-33.37278,150.73058
2021-07-28T09:15:12+10:00,2021-07-28T10:26:44+10:00,4292,-33.43889,151.32752,-33.90882,151.19987
2021-07-28T09:15:12+10:00,2021-07-28T10:38:21+10:00,4990,-33.43932,151.32813,-33.51856,150.82539
2021-07-28T09:15:13+10:00,2021-07-28T10:53:58+10:00,5925,-33.44038,151.32944,-34.19429,150.78976
2021-07-28T09:15:13+10:00,2021-07-28T09:17:56+10:00,164,-33.44093,151.32958,-33.43898,151.32767
2021-07-28T09:15:14+10:00,2021-07-28T11:02:04+10:00,6411,-33.44267,151.32915,-32.73885,150.9367
2021-07-28T09:15:14+10:00,2021-07-28T10:27:03+10:00,4310,-33.44538,151.32837,-33.89251,151.086
2021-07-28T09:15:14+10:00,2021-07-28T10:43:21+10:00,5288,-33.44747,151.3275,-34.07678,150.80858
2021-07-28T09:15:15+10:00,2021-07-28T10:35:58+10:00,4843,-33.44831,151.32678,-34.05358,150.80742
2021-07-28T09:15:15+10:00,2021-07-28T10:47:42+10:00,5547,-33.44879,151.32683,-32.61951,151.11857
2021-07-28T09:15:16+10:00,2021-07-28T10:01:42+10:00,2786,-33.44929,151.32633,-33.73049,151.08196
2021-07-28T09:15:16+10:00,2021-07-28T10:48:48+10:00,5612,-33.44976,151.32462,-33.44045,150.8259
2021-07-28T09:15:16+10:00,2021-07-28T10:30:13+10:00,4498,-33.4502,151.32217,-33.88008,150.81781
2021-07-28T09:15:17+10:00,2021-07-28T10:29:56+10:00,4479,-33.45082,151.31945,-33.87832,150.84516
2021-07-28T09:15:17+10:00,2021-07-28T11:11:02+10:00,6946,-33.45207,151.31772,-33.27616,150.68631
2021-07-28T09:15:18+10:00,2021-07-28T10:01:01+10:00,2743,-33.45922,151.31344,-33.73258,151.07823
2021-07-28T09:15:18+10:00,2021-07-28T10:57:06+10:00,6108,-33.46058,151.31309,-33.40425,150.7807
2021-07-28T09:15:19+10:00,2021-07-28T10:44:42+10:00,5364,-33.46196,151.31373,-32.61871,151.11408
2021-07-28T09:15:19+10:00,2021-07-28T10:34:25+10:00,4747,-33.46305,151.31572,-33.89651,150.89297
2021-07-28T09:15:20+10:00,2021-07-28T10:34:16+10:00,4737,-33.46437,151.31762,-33.89313,150.88903
2021-07-28T09:15:20+10:00,2021-07-28T11:27:39+10:00,7939,-33.46578,151.31858,-32.87536,150.8163
2021-07-28T09:15:21+10:00,2021-07-28T10:54:37+10:00,5957,-33.46889,151.31915,-33.42247,150.81811
2021-07-28T09:15:21+10:00,2021-07-28T10:51:25+10:00,5764,-33.47091,151.32003,-34.1143,150.79763
2021-07-28T09:15:22+10:00,2021-07-28T11:22:42+10:00,7641,-33.47238,151.32171,-32.8173,150.86675
2021-07-28T09:15:22+10:00,2021-07-28T10:10:11+10:00,3289,-33.47325,151.3231,-33.78543,151.04004
2021-07-28T09:15:23+10:00,2021-07-28T10:31:06+10:00,4543,-33.47476,151.32402,-33.89194,151.08398
2021-07-28T09:15:23+10:00,2021-07-28T11:12:57+10:00,7054,-33.47657,151.32399,-32.77086,150.92053
2021-07-28T09:15:23+10:00,2021-07-28T09:22:00+10:00,397,-33.47926,151.3242,-33.43848,151.32683
2021-07-28T09:15:24+10:00,2021-07-28T11:13:23+10:00,7080,-33.48327,151.32447,-34.2831,150.89746
2021-07-28T09:15:24+10:00,2021-07-28T09:38:16+10:00,1372,-33.83948,151.14547,-33.74441,151.05374
2021-07-28T09:15:25+10:00,2021-07-28T11:18:23+10:00,7378,-33.83789,151.1451,-32.92576,150.71571
2021-07-28T09:15:25+10:00,2021-07-28T09:42:33+10:00,1629,-33.83632,151.14512,-33.72417,151.08985
2021-07-28T09:15:26+10:00,2021-07-28T11:23:38+10:00,7693,-33.83395,151.14574,-32.88238,150.78007
2021-07-28T09:15:26+10:00,2021-07-28T11:26:21+10:00,7856,-33.83077,151.14605,-32.64091,151.04834
2021-07-28T09:15:27+10:00,2021-07-28T10:34:55+10:00,4769,-33.82896,151.14613,-34.26866,150.89489
2021-07-28T09:15:28+10:00,2021-07-28T10:03:04+10:00,2856,-33.82771,151.1466,-33.89708,150.89366
2021-07-28T09:15:28+10:00,2021-07-28T09:39:49+10:00,1462,-33.82647,151.14894,-33.7266,151.08395
2021-07-28T09:15:28+10:00,2021-07-28T10:22:37+10:00,4030,-33.82569,151.14983,-33.43607,150.82823
2021-07-28T09:15:29+10:00,2021-07-28T10:01:17+10:00,2749,-33.82487,151.1501,-33.89182,150.88717
2021-07-28T09:15:29+10:00,2021-07-28T10:52:02+10:00,5793,-33.82374,151.14986,-33.18459,150.69246
2021-07-28T09:15:30+10:00,2021-07-28T10:13:42+10:00,3493,-33.82143,151.14982,-34.06036,150.78234
2021-07-28T09:15:30+10:00,2021-07-28T09:44:41+10:00,1751,-33.82035,151.15016,-33.92331,151.19131
2021-07-28T09:15:31+10:00,2021-07-28T10:12:49+10:00,3438,-33.81973,151.15087,-33.51395,150.82296
2021-07-28T09:15:31+10:00,2021-07-28T10:10:05+10:00,3275,-33.8185,151.15124,-33.53869,150.83663
2021-07-28T09:15:32+10:00,2021-07-28T09:41:23+10:00,1552,-33.81592,151.15175,-33.72465,150.92839
2021-07-28T09:15:32+10:00,2021-07-28T11:02:50+10:00,6438,-33.81533,151.15203,-33.03644,150.67283
2021-07-28T09:15:33+10:00,2021-07-28T10:16:56+10:00,3683,-33.81457,151.15375,-34.10148,150.80282
2021-07-28T09:15:33+10:00,2021-07-28T10:07:09+10:00,3097,-33.81473,151.15421,-33.91537,150.90962
2021-07-28T09:15:34+10:00,2021-07-28T11:22:10+10:00,7597,-33.81513,151.15651,-32.57603,151.16151
2021-07-28T09:15:34+10:00,2021-07-28T10:36:34+10:00,4860,-33.81449,151.15813,-33.34879,150.70489
2021-07-28T09:15:35+10:00,2021-07-28T11:39:49+10:00,8654,-33.81375,151.1601,-32.76633,150.92465
2021-07-28T09:15:35+10:00,2021-07-28T10:05:16+10:00,2982,-33.81344,151.1613,-33.9183,150.91438
2021-07-28T09:15:36+10:00,2021-07-28T10:19:48+10:00,3853,-33.81435,151.16354,-33.44944,151.32568
2021-07-28T09:15:36+10:00,2021-07-28T09:36:56+10:00,1280,-33.81498,151.16537,-33.86717,151.21666
2021-07-28T09:15:37+10:00,2021-07-28T09:39:43+10:00,1447,-33.81476,151.16636,-33.88663,151.10879
2021-07-28T09:15:37+10:00,2021-07-28T11:02:46+10:00,6430,-33.81458,151.16726,-33.05459,150.68918
2021-07-28T09:15:38+10:00,2021-07-28T10:20:20+10:00,3882,-33.81461,151.16851,-34.05429,150.70702
2021-07-28T09:15:38+10:00,2021-07-28T10:34:43+10:00,4745,-33.81476,151.15401,-34.2614,150.87874
2021-07-28T09:15:39+10:00,2021-07-28T09:32:33+10:00,1014,-33.81523,151.15238,-33.87375,151.19459
2021-07-28T09:15:39+10:00,2021-07-28T10:15:38+10:00,3600,-33.81564,151.15194,-34.08548,150.80663
2021-07-28T09:15:39+10:00,2021-07-28T09:59:46+10:00,2647,-33.81685,151.15159,-33.89213,150.88767
2021-07-28T09:15:40+10:00,2021-07-28T11:20:32+10:00,7493,-33.81884,151.15119,-32.91716,150.72868
2021-07-28T09:15:40+10:00,2021-07-28T09:40:54+10:00,1514,-33.82001,151.15073,-33.88904,151.19062
2021-07-28T09:15:41+10:00,2021-07-28T09:38:57+10:00,1396,-33.8206,151.15011,-33.86761,151.21746
2021-07-28T09:15:41+10:00,2021-07-28T10:18:41+10:00,3780,-33.82278,151.14977,-34.0889,150.80599
2021-07-28T09:15:42+10:00,2021-07-28T11:10:38+10:00,6896,-33.8243,151.15018,-32.99584,150.68447
2021-07-28T09:15:42+10:00,2021-07-28T11:40:37+10:00,8695,-33.82509,151.15019,-32.75552,150.92363
2021-07-28T09:15:43+10:00,2021-07-28T10:30:59+10:00,4517,-33.82606,151.14974,-33.40184,150.77766
2021-07-28T09:15:43+10:00,2021-07-28T11:35:11+10:00,8369,-33.82709,151.14756,-32.70609,150.95241
2021-07-28T09:15:44+10:00,2021-07-28T11:12:58+10:00,7035,-33.82804,151.14649,-32.98096,150.6861
2021-07-28T09:15:45+10:00,2021-07-28T10:14:55+10:00,3550,-33.82897,151.14623,-33.43225,151.31604
2021-07-28T09:15:45+10:00,2021-07-28T10:07:15+10:00,3090,-33.83078,151.14614,-33.97587,150.87087
2021-07-28T09:15:45+10:00,2021-07-28T10:43:24+10:00,5260,-33.83421,151.14584,-33.34204,150.70401
2021-07-28T09:15:46+10:00,2021-07-28T11:34:51+10:00,8345,-33.83634,151.14525,-32.69479,151.00709
2021-07-28T09:15:47+10:00,2021-07-28T10:23:20+10:00,4053,-33.83789,151.14523,-33.47872,150.81863
2021-07-28T09:15:47+10:00,2021-07-28T10:51:27+10:00,5740,-33.83926,151.14549,-33.25861,150.65456
2021-07-28T09:15:48+10:00,2021-07-28T11:38:39+10:00,8571,-34.05432,150.70696,-32.87504,150.80626
2021-07-28T09:15:48+10:00,2021-07-28T10:39:54+10:00,5046,-34.05336,150.70826,-33.42242,150.81381
2021-07-28T09:15:49+10:00,2021-07-28T11:14:03+10:00,7094,-34.05205,150.71013,-33.09561,150.69517
2021-07-28T09:15:49+10:00,2021-07-28T11:57:29+10:00,9700,-34.05103,150.71205,-32.75087,150.92142
2021-07-28T09:15:50+10:00,2021-07-28T10:15:34+10:00,3584,-34.04975,150.71409,-33.84995,151.2123
2021-07-28T09:15:50+10:00,2021-07-28T10:57:13+10:00,6084,-34.04908,150.71504,-33.27818,150.68825
2021-07-28T09:15:51+10:00,2021-07-28T11:04:38+10:00,6528,-34.0466,150.71856,-33.20476,150.68264
2021-07-28T09:15:52+10:00,2021-07-28T10:43:36+10:00,5264,-34.04473,150.72234,-33.39844,150.76112
2021-07-28T09:15:52+10:00,2021-07-28T10:48:39+10:00,5567,-34.04366,150.72561,-33.36641,150.71117
2021-07-28T09:15:53+10:00,2021-07-28T12:02:26+10:00,9993,-34.04308,150.72659,-32.70371,150.9561
2021-07-28T09:15:53+10:00,2021-07-28T12:00:27+10:00,9874,-34.04298,150.72681,-32.72099,150.94474
2021-07-28T09:15:54+10:00,2021-07-28T10:48:17+10:00,5544,-34.04311,150.72726,-33.44879,151.32683
2021-07-28T09:15:54+10:00,2021-07-28T09:28:32+10:00,759,-34.04227,150.73017,-34.06173,150.78484
2021-07-28T09:15:55+10:00,2021-07-28T10:23:07+10:00,4032,-34.04173,150.73167,-33.54241,150.83907
2021-07-28T09:15:55+10:00,2021-07-28T10:43:34+10:00,5259,-34.04112,150.73349,-33.43089,151.31627
2021-07-28T09:15:56+10:00,2021-07-28T11:59:44+10:00,9829,-34.04065,150.73501,-32.71203,150.94567
2021-07-28T09:15:56+10:00,2021-07-28T10:46:53+10:00,5457,-34.04004,150.73701,-33.44439,151.32861
2021-07-28T09:15:57+10:00,2021-07-28T11:52:38+10:00,9402,-34.03947,150.73896,-32.75525,150.92301
